Time,Ip,Id,Location
2020-05-15 08:23:40,183.129.174.180,330100,浙江省杭州市
2020-05-15 08:26:23,183.129.174.180,330100,浙江省杭州市
2020-05-15 08:32:15,183.129.174.180,330100,浙江省杭州市
2020-05-15 09:06:44,183.129.174.180,330100,浙江省杭州市
2020-05-15 09:07:07,183.129.174.180,330100,浙江省杭州市
2020-05-15 09:07:18,183.129.174.180,330100,浙江省杭州市
2020-05-15 09:07:31,183.129.174.180,330100,浙江省杭州市
2020-05-15 09:13:14,183.129.174.180,330100,浙江省杭州市
2020-05-15 09:17:34,183.129.174.180,330100,浙江省杭州市
2020-05-15 09:39:20,183.129.174.180,330100,浙江省杭州市
2020-05-15 09:39:52,183.129.174.180,330100,浙江省杭州市
2020-05-15 09:39:56,183.129.174.180,330100,浙江省杭州市
2020-05-15 09:40:08,183.129.174.180,330100,浙江省杭州市
2020-05-15 09:40:22,183.129.174.180,330100,浙江省杭州市
2020-05-15 09:42:06,183.129.174.180,330100,浙江省杭州市
2020-05-15 09:42:12,183.129.174.180,330100,浙江省杭州市
2020-05-15 09:43:55,183.129.174.180,330100,浙江省杭州市
2020-05-15 09:44:23,183.129.174.180,330100,浙江省杭州市
2020-05-15 12:17:33,183.129.174.180,330100,浙江省杭州市
2020-05-15 12:17:36,183.129.174.180,330100,浙江省杭州市
2020-05-15 12:19:04,183.129.174.180,330100,浙江省杭州市
2020-05-15 12:19:07,183.129.174.180,330100,浙江省杭州市
2020-05-15 12:19:08,183.129.174.180,330100,浙江省杭州市
2020-05-15 12:20:34,183.129.174.180,330100,浙江省杭州市
2020-05-15 12:25:27,183.129.174.180,330100,浙江省杭州市
2020-05-15 12:28:22,183.129.174.180,330100,浙江省杭州市
2020-05-15 12:28:29,183.129.174.180,330100,浙江省杭州市
2020-05-15 12:46:04,104.238.140.142,88,国内未能识别的地区
2020-05-15 12:59:27,183.129.174.180,330100,浙江省杭州市
2020-05-15 13:01:26,104.238.140.142,88,国内未能识别的地区
2020-05-16 16:22:22,183.129.174.180,330100,浙江省杭州市
2020-05-18 09:10:37,183.129.174.180,330100,浙江省杭州市
2020-05-18 09:11:42,183.129.174.180,330100,浙江省杭州市
2020-05-18 09:12:21,183.129.174.180,330100,浙江省杭州市
2020-05-18 09:13:25,183.129.174.180,330100,浙江省杭州市
2020-05-18 09:14:12,183.129.174.180,330100,浙江省杭州市
2020-05-18 09:15:49,183.129.174.180,330100,浙江省杭州市
2020-05-18 09:17:51,183.129.174.180,330100,浙江省杭州市
2020-05-18 09:24:52,183.129.174.180,330100,浙江省杭州市
2020-05-18 09:25:17,183.129.174.180,330100,浙江省杭州市
2020-05-18 09:25:39,183.129.174.180,330100,浙江省杭州市
2020-05-18 09:25:42,183.129.174.180,330100,浙江省杭州市
2020-05-18 09:26:07,183.129.174.180,330100,浙江省杭州市
2020-05-18 09:26:21,183.129.174.180,330100,浙江省杭州市
2020-05-18 09:27:07,183.129.174.180,330100,浙江省杭州市
2020-05-18 09:35:54,183.129.174.180,330100,浙江省杭州市
2020-05-18 09:36:10,183.129.174.180,330100,浙江省杭州市
2020-05-18 10:18:56,183.129.174.180,330100,浙江省杭州市
2020-05-18 14:19:50,207.237.112.119,US,UNITED STATES
2020-05-18 14:20:28,207.237.112.119,US,UNITED STATES
2020-05-18 14:29:25,207.237.112.119,US,UNITED STATES
2020-05-18 14:38:13,84.132.155.180,DE,GERMANY
2020-05-18 14:38:29,207.237.112.119,US,UNITED STATES
2020-05-18 14:41:37,167.220.233.154,US,UNITED STATES
2020-05-18 14:42:59,207.237.112.119,US,UNITED STATES
2020-05-18 14:47:30,183.129.174.180,330100,浙江省杭州市
2020-05-19 07:13:05,167.220.233.154,US,UNITED STATES
2020-05-19 07:13:22,167.220.233.247,US,UNITED STATES
2020-05-21 06:00:35,183.129.174.180,330100,浙江省杭州市
2020-05-21 06:16:45,183.129.174.180,330100,浙江省杭州市
2020-05-21 06:24:50,183.129.174.180,330100,浙江省杭州市
2020-05-21 06:25:36,183.129.174.180,330100,浙江省杭州市
2020-05-21 06:51:04,183.129.174.180,330100,浙江省杭州市
2020-05-21 07:34:02,183.129.174.180,330100,浙江省杭州市
2020-05-21 07:48:54,183.129.174.180,330100,浙江省杭州市
2020-05-21 07:59:48,183.129.174.180,330100,浙江省杭州市
2020-05-21 08:00:01,183.129.174.180,330100,浙江省杭州市
2020-05-21 08:04:25,183.129.174.180,330100,浙江省杭州市
2020-05-21 08:04:54,183.129.174.180,330100,浙江省杭州市
2020-05-21 09:02:15,183.129.174.180,330100,浙江省杭州市
2020-05-21 09:03:00,183.129.174.180,330100,浙江省杭州市
2020-05-21 09:03:19,183.129.174.180,330100,浙江省杭州市
2020-05-21 17:47:15,183.129.174.180,330100,浙江省杭州市
2020-05-22 20:35:54,73.106.121.154,US,UNITED STATES
2020-05-22 20:42:58,73.106.121.154,US,UNITED STATES
2020-05-27 18:38:19,75.172.107.242,US,UNITED STATES
2020-05-28 00:30:08,73.106.121.154,US,UNITED STATES
2020-05-29 06:51:41,175.159.121.163,810000,香港特别行政区
2020-05-29 07:00:27,175.159.121.163,810000,香港特别行政区
2020-05-29 07:29:26,213.46.27.91,NL,NETHERLANDS
2020-05-29 07:46:14,213.46.27.91,NL,NETHERLANDS
2020-05-29 07:49:05,175.159.121.163,810000,香港特别行政区
2020-05-29 07:52:57,213.46.27.91,NL,NETHERLANDS
2020-05-29 08:48:36,175.159.121.163,810000,香港特别行政区
2020-05-29 11:57:47,213.46.27.91,NL,NETHERLANDS
2020-06-02 07:25:49,79.235.254.56,DE,GERMANY
2020-06-02 07:57:56,216.243.39.73,US,UNITED STATES
2020-06-02 12:59:23,175.159.121.163,810000,香港特别行政区
2020-06-02 16:42:24,216.243.39.73,US,UNITED STATES
2020-06-02 16:50:08,216.243.39.73,US,UNITED STATES
2020-06-03 03:45:54,216.243.39.73,US,UNITED STATES
2020-06-03 11:36:41,213.46.27.91,NL,NETHERLANDS
2020-06-04 10:18:58,183.129.174.180,330100,浙江省杭州市
2020-06-04 10:37:49,183.129.174.180,330100,浙江省杭州市
2020-06-04 11:25:23,183.129.174.180,330100,浙江省杭州市
2020-06-04 11:25:27,183.129.174.180,330100,浙江省杭州市
2020-06-04 14:12:04,183.129.174.180,330100,浙江省杭州市
2020-06-04 15:09:38,117.157.129.185,CN,CHINA
2020-06-04 18:00:18,216.243.39.73,US,UNITED STATES
2020-06-05 02:39:22,113.64.191.46,440100,广东省广州市
2020-06-05 03:03:40,175.159.121.163,810000,香港特别行政区
2020-06-05 04:12:15,113.68.108.175,440100,广东省广州市
2020-06-05 04:12:37,113.68.108.175,440100,广东省广州市
2020-06-05 06:24:00,183.129.174.180,330100,浙江省杭州市
2020-06-05 07:44:35,89.138.252.93,IL,ISRAEL
2020-06-05 08:43:43,175.159.121.163,810000,香港特别行政区
2020-06-08 19:33:27,128.36.7.35,US,UNITED STATES
2020-06-12 22:04:13,98.190.133.83,US,UNITED STATES
2020-06-18 07:52:40,213.46.27.91,NL,NETHERLANDS
2020-06-23 01:36:30,50.35.75.52,US,UNITED STATES
2020-06-29 01:33:42,122.115.228.49,410100,河南省郑州市
2020-06-29 01:38:36,122.115.228.49,410100,河南省郑州市
2020-06-29 01:43:51,122.115.228.49,410100,河南省郑州市
2020-06-29 01:49:52,167.220.233.247,US,UNITED STATES
2020-06-29 01:54:15,167.220.233.247,US,UNITED STATES
2020-06-29 08:26:18,167.220.232.2,US,UNITED STATES
2020-06-29 10:18:59,183.129.174.180,330100,浙江省杭州市
2020-06-30 00:48:30,124.16.139.208,110000,北京市
2020-07-01 14:13:39,203.137.195.39,JP,JAPAN
2020-07-01 14:24:18,37.186.41.116,CN,CHINA
2020-07-09 11:33:18,183.129.174.180,330100,浙江省杭州市
2020-07-10 08:19:00,183.129.174.180,330100,浙江省杭州市
2020-07-16 07:29:03,183.129.174.180,330100,浙江省杭州市
2020-07-17 06:47:56,183.129.174.180,330100,浙江省杭州市
2020-07-22 04:14:13,183.129.174.180,330100,浙江省杭州市
2020-07-24 18:55:05,210.18.148.39,IN,INDIA
2020-08-02 13:21:59,118.143.159.15,810000,香港特别行政区
2020-08-02 13:22:20,118.143.159.15,810000,香港特别行政区
2020-08-04 13:51:06,112.17.252.17,330000,浙江省
2020-08-05 03:24:22,47.88.5.130,CA,CANADA
2020-08-05 03:24:49,198.11.176.14,88,国内未能识别的地区
2020-08-05 03:25:29,42.120.75.62,310000,上海市
2020-08-05 03:27:09,42.120.75.62,310000,上海市
2020-08-05 03:29:13,47.251.4.198,CA,CANADA
2020-08-05 03:55:49,47.251.4.198,CA,CANADA
2020-08-05 06:05:37,47.251.4.198,CA,CANADA
2020-08-06 03:10:19,118.143.159.15,810000,香港特别行政区
2020-08-07 08:21:53,42.120.72.91,310000,上海市
2020-08-07 08:22:18,106.11.196.143,CN,CHINA
2020-08-07 16:23:19,183.157.97.252,330100,浙江省杭州市
2020-08-10 12:05:21,42.120.72.83,310000,上海市
2020-08-10 12:39:51,42.120.72.78,310000,上海市
2020-08-10 12:40:00,42.120.72.78,310000,上海市
2020-08-10 12:55:13,47.251.4.198,CA,CANADA
2020-08-14 07:34:18,124.115.222.147,610100,陕西省西安市
2020-08-15 15:10:50,183.129.174.180,330100,浙江省杭州市
2020-08-21 00:28:31,98.190.133.83,US,UNITED STATES
2020-08-28 09:22:11,149.129.113.42,US,UNITED STATES
2020-08-30 20:47:46,66.30.248.158,US,UNITED STATES
2020-08-31 14:12:27,183.129.174.180,330100,浙江省杭州市
2020-09-01 15:31:00,101.228.41.4,310000,上海市
2020-09-02 12:21:35,183.129.174.180,330100,浙江省杭州市
2020-09-04 11:34:44,65.154.226.109,US,UNITED STATES
2020-09-05 06:20:13,211.95.50.8,310000,上海市
2020-09-07 17:58:03,34.223.82.66,US,UNITED STATES
2020-09-09 14:32:57,3.218.143.205,US,UNITED STATES
2020-09-10 15:27:29,183.129.174.180,330100,浙江省杭州市
2020-09-10 15:45:27,183.129.174.180,330100,浙江省杭州市
2020-09-10 15:58:45,183.129.174.180,330100,浙江省杭州市
2020-09-11 18:11:04,49.207.220.56,IN,INDIA
2020-09-24 17:51:58,183.129.174.180,330100,浙江省杭州市
2020-09-25 17:01:55,61.175.193.50,330100,浙江省杭州市
2020-09-25 18:27:06,45.138.210.3,CN,CHINA
2020-09-25 18:29:10,183.129.174.180,330100,浙江省杭州市
2020-12-19 12:54:27,3.25.122.211,US,UNITED STATES
2020-12-30 19:25:17,65.154.226.109,US,UNITED STATES
2021-01-01 18:21:56,175.9.29.11,430000,湖南省
2021-01-01 18:53:54,175.9.29.11,430000,湖南省
2021-01-06 19:06:53,183.129.174.180,330100,浙江省杭州市
2021-01-06 19:28:05,183.129.174.180,330100,浙江省杭州市
2021-01-06 20:23:48,183.129.174.180,330100,浙江省杭州市
2021-01-06 20:24:06,183.129.174.180,330100,浙江省杭州市
2021-01-20 19:16:54,183.129.174.180,330100,浙江省杭州市
2021-01-29 01:08:06,210.32.174.2,330100,浙江省杭州市
2021-02-26 16:19:14,202.112.51.138,440000,广东省
2021-02-28 18:26:20,65.155.30.101,US,UNITED STATES
2021-03-02 00:02:47,34.214.88.166,US,UNITED STATES
2021-03-02 00:15:37,183.129.174.180,330100,浙江省杭州市
2021-04-07 21:48:12,181.135.163.190,CO,COLOMBIA
2021-04-08 04:50:40,183.129.174.180,330100,浙江省杭州市
2021-04-08 04:52:39,183.129.174.180,330100,浙江省杭州市
2021-04-08 04:52:42,183.129.174.180,330100,浙江省杭州市
2021-04-08 04:52:55,183.129.174.180,330100,浙江省杭州市
2021-04-08 07:18:02,183.129.174.180,330100,浙江省杭州市
2021-04-08 07:42:21,183.129.174.180,330100,浙江省杭州市